1,Bulbasaur,Overgrow,None,45,49,49,65,65,45,318,Grass,Poison,None,None,Medium Slow,Evolves into Ivysaur at level 16.,
2,Ivysaur,Overgrow,None,60,62,63,80,80,60,405,Grass,Poison,None,None,Medium Slow,Evolves into Venusaur at level 32.,
3,Venusaur,Overgrow,None,80,82,83,100,100,80,525,Grass,Poison,None,None,Medium Slow,,
4,Charmander,Blaze,None,39,52,43,60,50,65,309,Fire,None,None,None,Medium Slow,Evolves into Charmeleon at level 16.,
5,Charmeleon,Blaze,None,58,64,58,80,65,80,405,Fire,None,None,None,Medium Slow,Evolves into Charizard at level 36.,
6,Charizard,Blaze,None,78,84,78,109,85,100,534,Fire,Flying,None,None,Medium Slow,,
7,Squirtle,Torrent,None,44,48,65,50,64,43,314,Water,None,None,None,Medium Slow,Evolves into Wartortle at level 16.,
8,Wartortle,Torrent,None,59,63,80,65,80,58,405,Water,None,None,None,Medium Slow,Evolves into Blastoise at level 36.,
9,Blastoise,Torrent,None,79,83,100,85,105,78,530,Water,None,None,None,Medium Slow,,
10,Caterpie,Shield Dust,None,45,30,35,20,20,45,195,Bug,None,None,None,Medium Fast,Evolves into Metapod at level 7.,
11,Metapod,Shed Skin,None,50,20,55,25,25,30,205,Bug,None,None,None,Medium Fast,Evolves into Butterfree at level 10.,
12,Butterfree,Compoundeyes,None,60,45,50,80,80,70,385,Bug,Flying,None,SilverPowder,Medium Fast,,
13,Weedle,Shield Dust,None,40,35,30,20,20,50,195,Bug,Poison,None,None,Medium Fast,Evolves into Kakuna at level 7.,
14,Kakuna,Shed Skin,None,45,25,50,25,25,35,205,Bug,Poison,None,None,Medium Fast,Evolves into Beedrill at level 10.,
15,Beedrill,Swarm,None,65,80,40,45,80,75,385,Bug,Poison,None,Poison Barb,Medium Fast,,
16,Pidgey,Keen Eye,Tangled Feet,40,45,40,35,35,56,251,Normal,Flying,None,None,Medium Slow,Evolves into Pidgeotto at level 18.,
17,Pidgeotto,Keen Eye,Tangled Feet,63,60,55,50,50,71,349,Normal,Flying,None,None,Medium Slow,Evolves into Pidgeot at level 36.,
18,Pidgeot,Keen Eye,Tangled Feet,83,80,75,70,70,91,469,Normal,Flying,None,None,Medium Slow,,
19,Rattata,Run Away,Guts,30,56,35,25,35,72,253,Normal,None,None,Chilan Berry,Medium Fast,Evolves into Raticate at level 20.,
20,Raticate,Run Away,Guts,55,81,60,50,70,97,413,Normal,None,None,Chilan Berry,Medium Fast,,
21,Spearow,Keen Eye,None,40,60,30,31,31,70,262,Normal,Flying,None,None,Medium Fast,Evolves into Fearow at level 20.,
22,Fearow,Keen Eye,None,65,90,65,61,61,100,442,Normal,Flying,None,Sharp Beak,Medium Fast,,
23,Ekans,Intimidate,Shed Skin,35,60,44,40,54,55,288,Poison,None,None,None,Medium Fast,Evolves into Arbok at level 22.,
24,Arbok,Intimidate,Shed Skin,60,85,69,65,79,80,438,Poison,None,None,None,Medium Fast,,
25,Pikachu,Static,None,35,55,30,50,40,90,300,Electric,None,Oran Berry,Light Ball,Medium Fast,Evolves into Raichu with a Thunder Stone.,
26,Raichu,Static,None,60,90,55,90,80,100,475,Electric,None,None,Oran Berry,Medium Fast,,
27,Sandshrew,Sand Veil,None,50,75,85,20,30,40,300,Ground,None,None,Quick Claw,Medium Fast,Evolves into Sandslash at level 22.,
28,Sandslash,Sand Veil,None,75,100,110,45,55,65,450,Ground,None,None,Quick Claw,Medium Fast,,
29,NidoranF,Poison Point,Rivalry,55,47,52,40,40,41,275,Poison,None,None,None,Medium Slow,Evolves into Nidorina at level 16.,
30,Nidorina,Poison Point,Rivalry,70,62,67,55,55,56,365,Poison,None,None,None,Medium Slow,Evolves into Nidoqueen with a Moon Stone.,
31,Nidoqueen,Poison Point,Rivalry,90,82,87,75,85,76,495,Poison,Ground,None,None,Medium Slow,,
32,NidoranM,Poison Point,Rivalry,46,57,40,40,40,50,273,Poison,None,None,None,Medium Slow,Evolves into Nidorino at level 16.,
33,Nidorino,Poison Point,Rivalry,61,72,57,55,55,65,365,Poison,None,None,None,Medium Slow,Evolves into Nidoking with a Moon Stone.,
34,Nidoking,Poison Point,Rivalry,81,92,77,85,75,85,495,Poison,Ground,None,None,Medium Slow,,
35,Clefairy,Cute Charm,Magic Guard,70,45,48,60,65,35,323,Fairy,None,Leppa Berry,Moon Stone,Fast,Evolves into Clefable with a Moon Stone.,
36,Clefable,Cute Charm,Magic Guard,95,70,73,85,90,60,473,Fairy,None,Leppa Berry,Moon Stone,Fast,,
37,Vulpix,Flash Fire,None,38,41,40,50,65,65,299,Fire,None,Rawst Berry,Rawst Berry,Medium Fast,Evolves into Ninetales with a Fire Stone.,
38,Ninetales,Flash Fire,None,73,76,75,81,100,100,505,Fire,None,Rawst Berry,Rawst Berry,Medium Fast,,
39,Jigglypuff,Cute Charm,None,115,45,20,45,25,20,270,Normal,Fairy,None,None,Fast,Evolves into Wigglytuff using a Moon Stone.,
40,Wigglytuff,Cute Charm,None,140,70,45,75,50,45,425,Normal,Fairy,None,None,Fast,,
41,Zubat,Inner Focus,None,40,45,35,30,40,55,245,Poison,Flying,None,None,Medium Fast,Evolves into Golbat at level 22.,
42,Golbat,Inner Focus,None,75,80,70,65,75,90,455,Poison,Flying,None,None,Medium Fast,Evolves into Crobat with enough happiness.,
43,Oddish,Chlorophyll,None,45,50,55,75,65,30,320,Grass,Poison,None,None,Medium Slow,Evolves into gloom at level 21.,
44,Gloom,Chlorophyll,None,60,65,70,85,75,40,395,Grass,Poison,None,None,Medium Slow,Evolves into Vileplume with a Leaf Stone.$Evolves into Bellossom with a Sun Stone.,
45,Vileplume,Chlorophyll,None,75,80,85,100,90,50,480,Grass,Poison,None,None,Medium Slow,,
46,Paras,Effect Spore,Dry Skin,35,70,55,45,55,25,285,Bug,Grass,TinyMushroom,Big Mushroom,Medium Fast,Evolves into Parasect at level 24.,
47,Parasect,Effect Spore,Dry Skin,60,95,80,60,80,30,405,Bug,Grass,TinyMushroom,Big Mushroom,Medium Fast,,
48,Venonat,Compoundeyes,Tinted Lens,60,55,50,40,55,45,305,Bug,Poison,None,None,Medium Fast,Evolves into Venomoth at level 31.,
49,Venomoth,Shield Dust,Tinted Lens,70,65,60,90,75,90,450,Bug,Poison,None,Shed Shell,Medium Fast,,
50,Diglett,Sand Veil,Arena Trap,10,55,25,35,45,95,265,Ground,None,None,Soft Sand,Medium Fast,Evolves into Dugtrio at level 26.,
51,Dugtrio,Sand Veil,Arena Trap,35,80,50,50,70,120,405,Ground,None,None,Soft Sand,Medium Fast,,
52,Meowth,Pickup,Technician,40,45,35,40,40,90,290,Normal,None,None,Quick Claw,Medium Fast,Evolves into Persian at level 28.,
53,Persian,Limber,Technician,65,70,60,65,65,115,440,Normal,None,None,Quick Claw,Medium Fast,,
54,Psyduck,Damp,Cloud Nine,50,52,48,65,50,55,320,Water,None,None,None,Medium Fast,Evolves into Golduck at level 33.,
55,Golduck,Damp,Cloud Nine,80,82,78,95,80,85,500,Water,None,None,None,Medium Fast,,
56,Mankey,Vital Spirit,Anger Point,40,80,35,35,45,70,305,Fighting,None,None,Payapa Berry,Medium Fast,Evolves into Primeape at level 28.,
57,Primeape,Vital Spirit,Anger Point,65,105,60,60,70,95,455,Fighting,None,None,Payapa Berry,Medium Fast,,
58,Growlithe,Intimidate,Flash Fire,55,70,45,70,50,60,350,Fire,None,Rawst Berry,Rawst Berry,Slow,Evolves into Arcanine with a Fire Stone.,
59,Arcanine,Intimidate,Flash Fire,90,110,80,100,80,95,555,Fire,None,Rawst Berry,Rawst Berry,Slow,,
60,Poliwag,Water Absorb,Damp,40,50,40,40,40,90,300,Water,None,None,None,Medium Slow,Evolves into Poliwhirl at level 25.,
61,Poliwhirl,Water Absorb,Damp,65,65,65,50,50,90,385,Water,None,None,King's Rock,Medium Slow,Evolves into Poliwrath with a Water Stone.$,
62,Poliwrath,Water Absorb,Damp,90,85,95,70,90,70,500,Water,Fighting,None,King's Rock,Medium Slow,,
63,Abra,Synchronize,Inner Focus,25,20,15,105,55,90,310,Psychic,None,None,TwistedSpoon,Medium Slow,Evolves into Kadabra at level 16.,
64,Kadabra,Synchronize,Inner Focus,40,35,30,120,70,105,400,Psychic,None,None,TwistedSpoon,Medium Slow,,
65,Alakazam,Synchronize,Inner Focus,55,50,45,135,85,120,490,Psychic,None,None,TwistedSpoon,Medium Slow,,
66,Machop,Guts,No Guard,70,80,50,35,35,35,305,Fighting,None,None,None,Medium Slow,Evolves into Machoke at level 28.,
67,Machoke,Guts,No Guard,80,100,70,50,60,45,405,Fighting,None,None,None,Medium Slow,,
68,Machamp,Guts,No Guard,90,130,80,65,85,55,505,Fighting,None,None,None,Medium Slow,,
69,Bellsprout,Chlorophyll,None,50,75,35,70,30,40,300,Grass,Poison,None,None,Medium Slow,Evolves into Weepinbell at level 21.,
70,Weepinbell,Chlorophyll,None,65,90,50,85,45,55,390,Grass,Poison,None,None,Medium Slow,Evolves into Victreebel with a Leaf Stone.,
71,Victreebel,Chlorophyll,None,80,105,65,100,60,70,480,Grass,Poison,None,None,Medium Slow,,
72,Tentacool,Clear Body,Liquid Ooze,40,40,35,50,100,70,335,Water,Poison,None,Poison Barb,Slow,Evolves into Tentacruel at level 30.,
73,Tentacruel,Clear Body,Liquid Ooze,80,70,65,80,120,100,515,Water,Poison,None,Poison Barb,Slow,,
74,Geodude,Rock Head,Sturdy,40,80,100,30,30,20,300,Rock,Ground,None,Everstone,Medium Slow,Evolves into Graveler at level 25.,
75,Graveler,Rock Head,Sturdy,55,95,115,45,45,35,390,Rock,Ground,None,Everstone,Medium Slow,,
76,Golem,Rock Head,Sturdy,80,110,130,55,65,45,485,Rock,Ground,None,Everstone,Medium Slow,,
77,Ponyta,Run Away,Flash Fire,50,85,55,65,65,90,410,Fire,None,None,Shuca Berry,Medium Fast,,
78,Rapidash,Run Away,Flash Fire,65,100,70,80,80,105,500,Fire,None,None,Shuca Berry,Medium Fast,,
79,Slowpoke,Oblivious,Own Tempo,90,65,65,40,40,15,315,Water,Psychic,None,Lagging Tail,Medium Fast,Evolves into Slowbro at level 37.$,
80,Slowbro,Oblivious,Own Tempo,95,75,110,100,80,30,490,Water,Psychic,None,King's Rock,Medium Fast,,
81,Magnemite,Magnet Pull,Sturdy,25,35,70,95,55,45,325,Electric,Steel,None,Metal Coat,Medium Fast,Evolves into Magneton at level 30.,
82,Magneton,Magnet Pull,Sturdy,50,60,95,120,70,70,465,Electric,Steel,None,Metal Coat,Medium Fast,,
83,Farfetch'd,Keen Eye,Inner Focus,52,65,55,58,62,60,352,Normal,Flying,None,Stick,Medium Fast,,
84,Doduo,Run Away,Early Bird,35,85,45,35,35,75,310,Normal,Flying,None,Sharp Beak,Medium Fast,Evolves into Dodrio at level 31.,
85,Dodrio,Run Away,Early Bird,60,110,70,60,60,100,460,Normal,Flying,None,Sharp Beak,Medium Fast,,
86,Seel,Thick Fat,Hydration,65,45,55,45,70,45,325,Water,None,None,None,Medium Fast,Evolves into Dewgong at level 34.,
87,Dewgong,Thick Fat,Hydration,90,70,80,70,95,70,475,Water,Ice,None,None,Medium Fast,,
88,Grimer,Stench,Sticky Hold,80,80,50,40,50,25,325,Poison,None,None,Nugget,Medium Fast,,
89,Muk,Stench,Sticky Hold,105,105,75,65,100,50,500,Poison,None,None,Nugget,Medium Fast,,
90,Shellder,Shell Armor,Skill Link,30,65,100,45,25,40,305,Water,None,Pearl,Big Pearl,Slow,Evolves into Cloyster with a Water Stone.,
91,Cloyster,Shell Armor,Skill Link,50,95,180,85,45,70,525,Water,Ice,Pearl,Big Pearl,Slow,,
92,Gastly,Levitate,None,30,35,30,100,35,80,310,Ghost,Poison,None,None,Medium Slow,Evolves into Haunter at level 25.,
93,Haunter,Levitate,None,45,50,45,115,55,95,405,Ghost,Poison,None,None,Medium Slow,,
94,Gengar,Levitate,None,60,65,60,130,75,110,500,Ghost,Poison,None,None,Medium Slow,,
95,Onix,Rock Head,Sturdy,35,45,160,30,45,70,385,Rock,Ground,None,None,Medium Fast,,
96,Drowzee,Insomnia,Forewarn,60,48,45,43,90,42,328,Psychic,None,None,None,Medium Fast,Evolves into Hypno at level 26.,
97,Hypno,Insomnia,Forewarn,85,73,70,73,115,67,483,Psychic,None,None,None,Medium Fast,,
98,Krabby,Hyper Cutter,Shell Armor,30,105,90,25,25,50,325,Water,None,None,None,Medium Fast,Evolves into Kingler at level 28.,
99,Kingler,Hyper Cutter,Shell Armor,55,130,115,50,50,75,475,Water,None,None,None,Medium Fast,,
100,Voltorb,Soundproof,Static,40,30,50,55,55,100,330,Electric,None,None,None,Medium Fast,Evolves into Electrode at level 30.,
101,Electrode,Soundproof,Static,60,50,70,80,80,140,480,Electric,None,None,None,Medium Fast,,
102,Exeggcute,Chlorophyll,None,60,40,80,60,45,40,325,Grass,Psychic,None,None,Slow,Evolves into Exeggutor with a Leaf Stone.,
103,Exeggutor,Chlorophyll,None,95,95,85,125,65,55,520,Grass,Psychic,None,None,Slow,,
104,Cubone,Rock Head,Lightningrod,50,50,95,40,50,35,320,Ground,None,None,Thick Club,Medium Fast,Evolves into Marowak at level 28.,
105,Marowak,Rock Head,Lightningrod,60,80,110,50,80,45,425,Ground,None,None,Thick Club,Medium Fast,,
106,Hitmonlee,Limber,Reckless,50,120,53,35,110,87,455,Fighting,None,None,None,Medium Fast,,
107,Hitmonchan,Keen Eye,Iron Fist,50,105,79,35,110,76,455,Fighting,None,None,None,Medium Fast,,
108,Lickitung,Own Tempo,Oblivious,90,55,75,60,75,30,385,Normal,None,None,Lagging Tail,Medium Fast,Evolves into Lickilicky when leveled up with Rollout.,
109,Koffing,Levitate,None,40,65,95,60,45,35,340,Poison,None,None,Smoke Ball,Medium Fast,Evolves into Weezing at level 35.,
110,Weezing,Levitate,None,65,90,120,85,70,60,490,Poison,None,None,Smoke Ball,Medium Fast,,
111,Rhyhorn,Lightningrod,Rock Head,80,85,95,30,30,25,345,Ground,Rock,None,None,Slow,,
112,Rhydon,Lightningrod,Rock Head,105,130,120,45,45,40,485,Ground,Rock,None,None,Slow,,
113,Chansey,Natural Cure,Serene Grace,250,5,5,35,105,50,450,Normal,None,Oval Stone,Lucky Egg,Fast,Evolves into Blissey with enough happiness.,
114,Tangela,Chlorophyll,Leaf Guard,65,55,115,100,40,60,435,Grass,None,None,None,Medium Fast,Evolves into Tangrowth when leveled up with Ancient Power,
115,Kangaskhan,Early Bird,Scrappy,105,95,80,40,80,90,490,Normal,None,None,None,Medium Fast,,
116,Horsea,Swift Swim,Sniper,30,40,70,70,25,60,295,Water,None,None,Dragon Scale,Medium Fast,Evolves into Seadra at level 32.,
117,Seadra,Poison Point,Sniper,55,65,95,95,45,85,440,Water,None,None,Dragon Scale,Medium Fast,,
118,Goldeen,Swift Swim,Water Veil,45,67,60,35,50,63,320,Water,None,None,None,Medium Fast,Evolves into Seaking at level 33.,
119,Seaking,Swift Swim,Water Veil,80,92,65,65,80,68,450,Water,None,None,None,Medium Fast,,
120,Staryu,Illuminate,Natural Cure,30,45,55,70,55,85,340,Water,None,Stardust,Star Piece,Slow,Evolves into Staryu with a Water Stone.,
121,Starmie,Illuminate,Natural Cure,60,75,85,100,85,115,520,Water,Psychic,Stardust,Star Piece,Slow,,
122,Mr. Mime,Soundproof,Filter,40,45,65,100,120,90,460,Psychic,Fairy,None,Leppa Berry,Medium Fast,,
123,Scyther,Swarm,Technician,70,110,80,55,80,105,500,Bug,Flying,None,None,Medium Fast,,
124,Jynx,Oblivious,Forewarn,65,50,35,115,95,95,455,Ice,Psychic,Aspear Berry,Aspear Berry,Medium Fast,,
125,Electabuzz,Static,None,65,83,57,95,85,105,490,Electric,None,None,None,Medium Fast,,
126,Magmar,Flame Body,None,65,95,57,100,85,93,495,Fire,None,None,None,Medium Fast,,
127,Pinsir,Hyper Cutter,Mold Breaker,65,125,100,55,70,85,500,Bug,None,None,None,Slow,,
128,Tauros,Intimidate,Anger Point,75,100,95,40,70,110,490,Normal,None,None,None,Slow,,
129,Magikarp,Swift Swim,None,20,10,55,15,20,80,200,Water,None,None,None,Slow,Evolves into Gyarados at level 20.,
130,Gyarados,Intimidate,None,95,125,79,60,100,81,540,Water,Flying,None,None,Slow,,
131,Lapras,Water Absorb,Shell Armor,130,85,80,85,95,60,535,Water,Ice,None,None,Slow,,
132,Ditto,Limber,None,48,48,48,48,48,48,288,Normal,None,Quick Powder,Metal Powder,Medium Fast,,
133,Eevee,Run Away,Adaptability,55,55,50,45,65,55,325,Normal,None,None,None,Medium Fast,Evolves into Vaporeon with a Water Stone.$  Evolves into Jolteon with a Thunder Stone.$  Evolves into Flareon with a Fire Stone.$,
134,Vaporeon,Water Absorb,Water Absorb,130,65,60,110,95,65,525,Water,None,None,None,Medium Fast,,
135,Jolteon,Volt Absorb,Volt Absorb,65,65,60,110,95,130,525,Electric,None,None,None,Medium Fast,,
136,Flareon,Flash Fire,Flash Fire,65,130,60,95,110,65,525,Fire,None,None,None,Medium Fast,,
137,Porygon,Trace,Download,65,60,70,85,75,40,395,Normal,None,None,None,Medium Fast,,
138,Omanyte,Swift Swim,Shell Armor,35,40,100,90,55,35,355,Rock,Water,None,None,Medium Fast,,
139,Omastar,Swift Swim,Shell Armor,70,60,125,115,70,55,495,Rock,Water,None,None,Medium Fast,,
140,Kabuto,Swift Swim,Battle Armor,30,80,90,55,45,55,355,Rock,Water,None,None,Medium Fast,,
141,Kabutops,Swift Swim,Battle Armor,60,115,105,65,70,80,495,Rock,Water,None,None,Medium Fast,,
142,Aerodactyl,Rock Head,Pressure,80,105,65,60,75,130,515,Rock,Flying,None,None,Slow,,
143,Snorlax,Immunity,Thick Fat,160,110,65,65,110,30,540,Normal,None,Leftovers,Leftovers,Slow,,
144,Articuno,Pressure,None,90,85,100,95,125,85,580,Ice,Flying,None,None,Slow,,
145,Zapdos,Pressure,None,90,90,85,125,90,100,580,Electric,Flying,None,None,Slow,,
146,Moltres,Pressure,None,90,100,90,125,85,90,580,Fire,Flying,None,None,Slow,,
147,Dratini,Shed Skin,None,41,64,45,50,50,50,300,Dragon,None,None,Dragon Scale,Slow,Evolves into Dragonair at level 30.,
148,Dragonair,Shed Skin,None,61,84,65,70,70,70,420,Dragon,None,None,Dragon Scale,Slow,Evolves into Dragonite at level 55.,
149,Dragonite,Inner Focus,None,91,134,95,100,100,80,600,Dragon,Flying,None,Dragon Scale,Slow,,
150,Mewtwo,Pressure,None,106,110,90,154,90,130,680,Psychic,None,None,None,Slow,,
151,Mew,Synchronize,None,100,100,100,100,100,100,600,Psychic,None,Lum Berry,Lum Berry,Medium Slow,,
152,Chikorita,Overgrow,None,45,49,65,49,65,45,318,Grass,None,None,None,Medium Slow,Evolves into Bayleef at level 16.,
153,Bayleef,Overgrow,None,60,62,80,63,80,60,405,Grass,None,None,None,Medium Slow,Evolves into Meganium at level 32.,
154,Meganium,Overgrow,None,80,82,100,83,100,80,525,Grass,None,None,None,Medium Slow,,
155,Cyndaquil,Blaze,None,39,52,43,60,50,65,309,Fire,None,None,None,Medium Slow,Evolves into Quilava at level 14.,
156,Quilava,Blaze,None,58,64,58,80,65,80,405,Fire,None,None,None,Medium Slow,Evolves into Typhlosion at level 36.,
157,Typhlosion,Blaze,None,78,84,78,109,85,100,534,Fire,None,None,None,Medium Slow,,
158,Totodile,Torrent,None,50,65,64,44,48,43,314,Water,None,None,None,Medium Slow,Evolves into Croconaw at level 18.,
159,Croconaw,Torrent,None,65,80,80,59,63,58,405,Water,None,None,None,Medium Slow,Evolves into Feraligatr at level 30.,
160,Feraligatr,Torrent,None,85,105,100,79,83,78,530,Water,None,None,None,Medium Slow,,
161,Sentret,Run Away,Keen Eye,35,46,34,35,45,20,215,Normal,None,None,Oran Berry,Medium Fast,Evolves into Furret at level 15.,
162,Furret,Run Away,Keen Eye,85,76,64,45,55,90,415,Normal,None,Oran Berry,Sitrus Berry,Medium Fast,,
163,Hoothoot,Insomnia,Keen Eye,60,30,30,36,56,50,262,Normal,Flying,None,None,Medium Fast,Evolves into Noctowl at level 20.,
164,Noctowl,Insomnia,Keen Eye,100,50,50,76,96,70,442,Normal,Flying,None,None,Medium Fast,,
165,Ledyba,Swarm,Early Bird,40,20,30,40,80,55,265,Bug,Flying,None,None,Fast,Evolves into Ledian at level 18.,
166,Ledian,Swarm,Early Bird,55,35,50,55,110,85,390,Bug,Flying,None,None,Fast,,
167,Spinarak,Swarm,Insomnia,40,60,40,40,40,30,250,Bug,Poison,None,None,Fast,Evolves into Ariados at level 22.,
168,Ariados,Swarm,Insomnia,70,90,70,60,60,40,390,Bug,Poison,None,None,Fast,,
169,Crobat,Inner Focus,None,85,90,80,70,80,130,535,Poison,Flying,None,None,Medium Fast,,
170,Chinchou,Volt Absorb,Illuminate,75,38,38,56,56,67,330,Water,Electric,None,DeepSeaScale,Slow,Evolves into Lanturn at level 27.,
171,Lanturn,Volt Absorb,Illuminate,125,58,58,76,76,67,460,Water,Electric,None,DeepSeaScale,Slow,,
172,Pichu,Static,None,20,40,15,35,35,60,205,Electric,None,None,Oran Berry,Medium Fast,Evolves into Pikachu with enough happiness.,
173,Cleffa,Cute Charm,Magic Guard,50,25,28,45,55,15,218,Fairy,None,Leppa Berry,Moon Stone,Fast,Evolves into Clefairy with enough happiness.,
174,Igglybuff,Cute Charm,None,90,30,15,40,20,15,210,Normal,Fairy,None,None,Fast,Evolves into Jigglypuff with a enough happiness.,
175,Togepi,Hustle,Serene Grace,35,20,65,40,65,20,245,Fairy,None,None,None,Fast,Evolves into Togetic with enough happiness.,
176,Togetic,Hustle,Serene Grace,55,40,85,80,105,40,405,Fairy,Flying,None,None,Fast,Evolves into Togekiss with a Shiny Stone.,
177,Natu,Synchronize,Early Bird,40,50,45,70,45,70,320,Psychic,Flying,None,None,Medium Fast,Evolves into Xatu at level 25.,
178,Xatu,Synchronize,Early Bird,65,75,70,95,70,95,470,Psychic,Flying,None,None,Medium Fast,,
179,Mareep,Static,None,55,40,40,65,45,35,280,Electric,None,None,None,Medium Slow,Evolves into Flaaffy at level 15.,
180,Flaaffy,Static,None,70,55,55,80,60,45,365,Electric,None,None,None,Medium Slow,Evolves into Ampharos at level 30.,
181,Ampharos,Static,None,90,75,75,115,90,55,500,Electric,None,None,None,Medium Slow,,
182,Bellossom,Chlorophyll,None,75,80,85,90,100,50,480,Grass,None,None,None,Medium Slow,,
183,Marill,Thick Fat,Huge Power,70,20,50,20,50,40,250,Water,Fairy,None,None,Fast,Evolves into Azumarill at level 18.,
184,Azumarill,Thick Fat,Huge Power,100,50,80,50,80,50,410,Water,Fairy,None,None,Fast,,
185,Sudowoodo,Sturdy,Rock Head,70,100,115,30,65,30,410,Rock,None,None,None,Medium Fast,,
186,Politoed,Water Absorb,Damp,90,75,75,90,100,70,500,Water,None,None,King's Rock,Medium Slow,,
187,Hoppip,Chlorophyll,Leaf Guard,35,35,40,35,55,50,250,Grass,Flying,None,None,Medium Slow,Evolves into Skiploom at level 18.,
188,Skiploom,Chlorophyll,Leaf Guard,55,45,50,45,65,80,340,Grass,Flying,None,None,Medium Slow,Evolves into Jumpluff at level 27.,
189,Jumpluff,Chlorophyll,Leaf Guard,75,55,70,55,85,110,450,Grass,Flying,None,None,Medium Slow,,
190,Aipom,Run Away,Pickup,55,70,55,40,55,85,360,Normal,None,None,None,Fast,Evolves into Ambipom when leveled up with Double Hit.,
191,Sunkern,Chlorophyll,Solar Power,30,30,30,30,30,30,180,Grass,None,None,Coba Berry,Medium Slow,Evolves into Sunflora with a Sun Stone.,
192,Sunflora,Chlorophyll,Solar Power,75,75,55,105,85,30,425,Grass,None,None,None,Medium Slow,,
193,Yanma,Speed Boost,Compoundeyes,65,65,45,75,45,95,390,Bug,Flying,None,Wide Lens,Medium Fast,Evolves into Vanmega when leveled up with Ancient Power.,
194,Wooper,Damp,Water Absorb,55,45,45,25,25,15,210,Water,Ground,None,None,Medium Fast,Evolves into Quagsire at level 20.,
195,Quagsire,Damp,Water Absorb,95,85,85,65,65,35,430,Water,Ground,None,None,Medium Fast,,
196,Espeon,Synchronize,Synchronize,65,65,60,130,95,110,525,Psychic,None,None,None,Medium Fast,,
197,Umbreon,Synchronize,Synchronize,95,65,110,60,130,65,525,Dark,None,None,None,Medium Fast,,
198,Murkrow,Insomnia,Super Luck,60,85,42,85,42,91,405,Dark,Flying,None,None,Medium Slow,Evolves into Honchkrow with a Dusk Stone.,
199,Slowking,Oblivious,Own Tempo,95,75,80,100,110,30,490,Water,Psychic,None,King's Rock,Medium Fast,,
200,Misdreavus,Levitate,None,60,60,60,85,85,85,435,Ghost,None,None,None,Fast,Evolves into Mismagius with a Dusk Stone.,
201,Unown,Levitate,None,48,72,48,72,48,48,336,Psychic,None,None,None,Medium Fast,,
202,Wobbuffet,Shadow Tag,None,190,33,58,33,58,33,405,Psychic,None,None,None,Medium Fast,,
203,Girafarig,Inner Focus,Early Bird,70,80,65,90,65,85,455,Normal,Psychic,None,Persim Berry,Medium Fast,,
204,Pineco,Sturdy,None,50,65,90,35,35,15,290,Bug,None,None,None,Medium Fast,Evolves into Forretress at level 31.,
205,Forretress,Sturdy,None,75,90,140,60,60,40,465,Bug,Steel,None,None,Medium Fast,,
206,Dunsparce,Serene Grace,Run Away,100,70,70,65,65,45,415,Normal,None,None,None,Medium Fast,,
207,Gligar,Hyper Cutter,Sand Veil,65,75,105,35,65,85,430,Ground,Flying,None,None,Medium Slow,Evolves into Gliscor with a Razor Fang at night.,
208,Steelix,Rock Head,Sturdy,75,85,200,55,65,30,510,Steel,Ground,None,Metal Coat,Medium Fast,,
209,Snubbull,Intimidate,Run Away,60,80,50,40,40,30,300,Fairy,None,None,None,Fast,Evolves into Granball at level 23.,
210,Granbull,Intimidate,Quick Feet,90,120,75,60,60,45,450,Fairy,None,None,None,Fast,,
211,Qwilfish,Poison Point,Swift Swim,65,95,75,55,55,85,430,Water,Poison,None,Poison Barb,Medium Fast,,
212,Scizor,Swarm,Technician,70,130,100,55,80,65,500,Bug,Steel,None,None,Medium Fast,,
213,Shuckle,Sturdy,Gluttony,20,10,230,10,230,5,505,Bug,Rock,Berry Juice,Berry Juice,Medium Slow,,
214,Heracross,Swarm,Guts,80,125,75,40,95,85,500,Bug,Fighting,None,None,Slow,,
215,Sneasel,Inner Focus,Keen Eye,55,95,55,35,75,115,430,Dark,Ice,Grip Claw,Quick Claw,Medium Slow,Evolves into Weavile with a Razor Claw at night.,
216,Teddiursa,Pickup,Quick Feet,60,80,50,50,50,40,330,Normal,None,None,None,Medium Fast,Evolves into Ursaring at level 30.,
217,Ursaring,Guts,Quick Feet,90,130,75,75,75,55,500,Normal,None,None,None,Medium Fast,,
218,Slugma,Magma Armor,Flame Body,40,40,40,70,40,20,250,Fire,None,None,None,Medium Fast,,
219,Magcargo,Magma Armor,Flame Body,50,50,120,80,80,30,410,Fire,Rock,None,None,Medium Fast,,
220,Swinub,Oblivious,Snow Cloak,50,50,40,30,30,50,250,Ice,Ground,None,None,Slow,Evolves into Piloswine at level 33.,
221,Piloswine,Oblivious,Snow Cloak,100,100,80,60,60,50,450,Ice,Ground,None,None,Slow,Evolves into Mamoswine with Ancient Power.,
222,Corsola,Hustle,Natural Cure,55,55,85,65,85,35,380,Water,Rock,None,Hard Stone,Fast,,
223,Remoraid,Hustle,Sniper,35,65,35,65,35,65,300,Water,None,None,None,Medium Fast,Evolves into Octillery at level 25.,
224,Octillery,Suction Cups,Sniper,75,105,75,105,75,45,480,Water,None,None,None,Medium Fast,,
225,Delibird,Vital Spirit,Hustle,45,55,45,65,45,75,330,Ice,Flying,None,None,Fast,,
226,Mantine,Swift Swim,Water Absorb,65,40,70,80,140,70,465,Water,Flying,None,None,Slow,,
227,Skarmory,Keen Eye,Sturdy,65,80,140,40,70,70,465,Steel,Flying,None,None,Slow,,
228,Houndour,Early Bird,Flash Fire,45,60,30,80,50,65,330,Dark,Fire,None,None,Slow,Evolves into Houndoom at level 24.,
229,Houndoom,Early Bird,Flash Fire,75,90,50,110,80,95,500,Dark,Fire,None,None,Slow,,
230,Kingdra,Swift Swim,Sniper,75,95,95,95,95,85,540,Water,Dragon,None,Dragon Scale,Medium Fast,,
231,Phanpy,Pickup,None,90,60,60,40,40,40,330,Ground,None,None,Passho Berry,Medium Fast,Evolves into Donphan at level 25.,
232,Donphan,Sturdy,None,90,120,120,60,60,50,500,Ground,None,None,Passho Berry,Medium Fast,,
233,Porygon2,Trace,Download,85,80,90,105,95,60,515,Normal,None,None,None,Medium Fast,,
234,Stantler,Intimidate,Frisk,73,95,62,85,65,85,465,Normal,None,None,None,Slow,,
235,Smeargle,Own Tempo,Technician,55,20,35,20,45,75,250,Normal,None,None,None,Fast,,
236,Tyrogue,Guts,Steadfast,35,35,35,35,35,35,210,Fighting,None,None,None,Medium Fast,Evolves into Hitmonchan at level 20.,
237,Hitmontop,Intimidate,Technician,50,95,95,35,110,70,455,Fighting,None,None,None,Medium Fast,,
238,Smoochum,Oblivious,Forewarn,45,30,15,85,65,65,305,Ice,Psychic,Aspear Berry,Aspear Berry,Medium Fast,Evolves into Jynx at level 30.,
239,Elekid,Static,None,45,63,37,65,55,95,360,Electric,None,None,None,Medium Fast,Evolves into Electabuzz at level 30.,
240,Magby,Flame Body,None,45,75,37,70,55,83,365,Fire,None,None,None,Medium Fast,Evolves into Magmar at level 30.,
241,Miltank,Thick Fat,Scrappy,95,80,105,40,70,100,490,Normal,None,Moomoo Milk,Moomoo Milk,Slow,,
242,Blissey,Natural Cure,Serene Grace,255,10,10,75,135,55,540,Normal,None,Oval Stone,Lucky Egg,Fast,,
243,Raikou,Pressure,None,90,85,75,115,100,115,580,Electric,None,None,None,Slow,,
244,Entei,Pressure,None,115,115,85,90,75,100,580,Fire,None,None,None,Slow,,
245,Suicune,Pressure,None,100,75,115,90,115,85,580,Water,None,None,None,Slow,,
246,Larvitar,Guts,None,50,64,50,45,50,41,300,Rock,Ground,None,None,Slow,Evolves into Pupitar at level 30.,
247,Pupitar,Shed Skin,None,70,84,70,65,70,51,410,Rock,Ground,None,None,Slow,Evolves into Tyranitar at level 55.,
248,Tyranitar,Sand Stream,None,100,134,110,95,100,61,600,Rock,Dark,None,None,Slow,,
249,Lugia,Pressure,None,106,90,130,90,154,110,680,Psychic,Flying,None,None,Slow,,
250,Ho-Oh,Pressure,None,106,130,90,110,154,90,680,Fire,Flying,Sacred Ash,Sacred Ash,Slow,,
251,Celebi,Natural Cure,None,100,100,100,100,100,100,600,Psychic,Grass,Lum Berry,Lum Berry,Medium Slow,,
252,Treecko,Overgrow,None,40,45,35,65,55,70,310,Grass,None,None,None,Medium Slow,Evolves into Grovyle at level 16.,
253,Grovyle,Overgrow,None,50,65,45,85,65,95,405,Grass,None,None,None,Medium Slow,Evolves into Sceptile at level 36.,
254,Sceptile,Overgrow,None,70,85,65,105,85,120,530,Grass,None,None,None,Medium Slow,,
255,Torchic,Blaze,None,45,60,40,70,50,45,310,Fire,None,None,None,Medium Slow,Evolves into Combusken at level 16.,
256,Combusken,Blaze,None,60,85,60,85,60,55,405,Fire,Fighting,None,None,Medium Slow,Evolves into Blaziken at level 36.,
257,Blaziken,Blaze,None,80,120,70,110,70,80,530,Fire,Fighting,None,None,Medium Slow,,
258,Mudkip,Torrent,None,50,70,50,50,50,40,310,Water,None,None,None,Medium Slow,Evolves into Marshtomp at level 16.,
259,Marshtomp,Torrent,None,70,85,70,60,70,50,405,Water,Ground,None,None,Medium Slow,Evolves into Swampert at level 36.,
260,Swampert,Torrent,None,100,110,90,85,90,60,535,Water,Ground,None,None,Medium Slow,,
261,Poochyena,Run Away,Quick Feet,35,55,35,30,30,35,220,Dark,None,None,Pecha Berry,Medium Fast,Evolves into Mightyena at level 18.,
262,Mightyena,Intimidate,Quick Feet,70,90,70,60,60,70,420,Dark,None,None,Pecha Berry,Medium Fast,,
263,Zigzagoon,Pickup,Gluttony,38,30,41,30,41,60,240,Normal,None,None,Oran Berry,Medium Fast,Evolves into Linoone at level 20.,
264,Linoone,Pickup,Gluttony,78,70,61,50,61,100,420,Normal,None,Oran Berry,Sitrus Berry,Medium Fast,,
265,Wurmple,Shield Dust,None,45,45,35,20,30,20,195,Bug,None,None,None,Medium Fast,Evolves into Silcoon at level 7.,
266,Silcoon,Shed Skin,None,50,35,55,25,25,15,205,Bug,None,None,None,Medium Fast,Evolves into Beautifly at level 10.,
267,Beautifly,Swarm,None,60,70,50,90,50,65,385,Bug,Flying,None,Shed Shell,Medium Fast,,
268,Cascoon,Shed Skin,None,50,35,55,25,25,15,205,Bug,None,None,None,Medium Fast,Evolves into Dustox at level 10.,
269,Dustox,Shield Dust,None,60,50,70,50,90,65,385,Bug,Poison,None,Shed Shell,Medium Fast,,
270,Lotad,Swift Swim,Rain Dish,40,30,30,40,50,30,220,Water,Grass,None,None,Medium Slow,Evolves into Lombre at level 14.,
271,Lombre,Swift Swim,Rain Dish,60,50,50,60,70,50,340,Water,Grass,None,None,Medium Slow,Evolves into Ludicolo with a Water Stone.,
272,Ludicolo,Swift Swim,Rain Dish,80,70,70,90,100,70,480,Water,Grass,None,None,Medium Slow,,
273,Seedot,Chlorophyll,Early Bird,40,40,50,30,30,30,220,Grass,None,None,None,Medium Slow,Evolves into Nuzleaf at level 14.,
274,Nuzleaf,Chlorophyll,Early Bird,70,70,40,60,40,60,340,Grass,Dark,None,None,Medium Slow,Evolves into Shiftry with a Leaf Stone.,
275,Shiftry,Chlorophyll,Early Bird,90,100,60,90,60,80,480,Grass,Dark,None,None,Medium Slow,,
276,Taillow,Guts,None,40,55,30,30,30,85,270,Normal,Flying,None,Charti Berry,Medium Slow,Evolves into Swellow at level 22.,
277,Swellow,Guts,None,60,85,60,50,50,125,430,Normal,Flying,None,Charti Berry,Medium Slow,,
278,Wingull,Keen Eye,None,40,30,30,55,30,85,270,Water,Flying,None,None,Medium Fast,Evolves into Pelipper at level 25.,
279,Pelipper,Keen Eye,None,60,50,100,85,70,65,430,Water,Flying,None,None,Medium Fast,,
280,Ralts,Synchronize,Trace,28,25,25,45,35,40,198,Psychic,Fairy,None,None,Slow,Evolves into Kirlia at level 20.,
281,Kirlia,Synchronize,Trace,38,35,35,65,55,50,278,Psychic,Fairy,None,None,Slow,Evolves into Gardevoir at level 30.,
282,Gardevoir,Synchronize,Trace,68,65,65,125,115,80,518,Psychic,Fairy,None,None,Slow,,
283,Surskit,Swift Swim,None,40,30,32,50,52,65,269,Bug,Water,None,None,Medium Fast,Evolves into Masquerian at level 22.,
284,Masquerain,Intimidate,None,70,60,62,80,82,60,414,Bug,Flying,None,SilverPowder,Medium Fast,,
285,Shroomish,Effect Spore,Poison Heal,60,40,60,40,60,35,295,Grass,None,None,Kebia Berry,Fluctuating,Evolves into Breloom at level 23.,
286,Breloom,Effect Spore,Poison Heal,60,130,80,60,60,70,460,Grass,Fighting,None,Kebia Berry,Fluctuating,,
287,Slakoth,Truant,None,60,60,60,35,35,30,280,Normal,None,None,None,Slow,Evolves into Vigoroth at level 18.,
288,Vigoroth,Vital Spirit,None,80,80,80,55,55,90,440,Normal,None,None,None,Slow,Evolves into Slaking at level 36.,
289,Slaking,Truant,None,150,160,100,95,65,100,670,Normal,None,None,None,Slow,,
290,Nincada,Compoundeyes,None,31,45,90,30,30,40,266,Bug,Ground,None,None,Erratic,Evolves into Ninjask at level 20.,
291,Ninjask,Speed Boost,None,61,90,45,50,50,160,456,Bug,Flying,None,None,Erratic,,
292,Shedinja,Wonder Guard,None,1,90,45,30,30,40,236,Bug,Ghost,None,None,Erratic,,
293,Whismur,Soundproof,None,64,51,23,51,23,28,240,Normal,None,None,Chesto Berry,Medium Slow,Evolves into Loudred at level 20.,
294,Loudred,Soundproof,None,84,71,43,71,43,48,360,Normal,None,None,Chesto Berry,Medium Slow,Evolves into Exploud at level 40.,
295,Exploud,Soundproof,None,104,91,63,91,63,68,480,Normal,None,None,Chesto Berry,Medium Slow,,
296,Makuhita,Thick Fat,Guts,72,60,30,20,30,25,237,Fighting,None,None,None,Fluctuating,Evolves into Hariyama at level 24.,
297,Hariyama,Thick Fat,Guts,144,120,60,40,60,50,474,Fighting,None,None,King's Rock,Fluctuating,,
298,Azurill,Thick Fat,Huge Power,50,20,40,20,40,20,190,Normal,Fairy,None,None,Fast,Evolves into Marill with enough happiness.,
299,Nosepass,Sturdy,Magnet Pull,30,45,135,45,90,30,375,Rock,None,None,Hard Stone,Medium Fast,Evolves into Probopass.,
300,Skitty,Cute Charm,Normalize,50,45,45,35,35,50,260,Normal,None,None,Leppa Berry,Fast,Evoles into Delcatty with a Moon Stone.,
301,Delcatty,Cute Charm,Normalize,70,65,65,55,55,70,380,Normal,None,None,Leppa Berry,Fast,,
302,Sableye,Keen Eye,Stall,50,75,75,65,65,50,380,Dark,Ghost,None,None,Medium Slow,,
303,Mawile,Hyper Cutter,Intimidate,50,85,85,55,55,50,380,Steel,None,None,Occa Berry,Fast,,
304,Aron,Sturdy,Rock Head,50,70,100,40,40,30,330,Steel,Rock,None,Hard Stone,Slow,,
305,Lairon,Sturdy,Rock Head,60,90,140,50,50,40,430,Steel,Rock,None,Hard Stone,Slow,,
306,Aggron,Sturdy,Rock Head,70,110,180,60,60,50,530,Steel,Rock,None,Hard Stone,Slow,,
307,Meditite,Pure Power,None,30,40,55,40,55,60,280,Fighting,Psychic,None,None,Medium Fast,,
308,Medicham,Pure Power,None,60,60,75,60,75,80,410,Fighting,Psychic,None,None,Medium Fast,,
309,Electrike,Static,Lightningrod,40,45,40,65,40,65,295,Electric,None,None,None,Slow,Evolves into Manectric at level 26.,
310,Manectric,Static,Lightningrod,70,75,60,105,60,105,475,Electric,None,None,None,Slow,,
311,Plusle,Plus,None,60,50,40,85,75,95,405,Electric,None,None,None,Medium Fast,,
312,Minun,Minus,None,60,40,50,75,85,95,405,Electric,None,None,None,Medium Fast,,
313,Volbeat,Illuminate,Swarm,65,73,55,47,75,85,400,Bug,None,None,None,Erratic,,
314,Illumise,Oblivious,Tinted Lens,65,47,55,73,75,85,400,Bug,None,None,None,Fluctuating,,
315,Roselia,Natural Cure,Poison Point,50,60,45,100,80,65,400,Grass,Poison,None,Poison Barb,Medium Slow,Evolves into Roserade with a Shiny Stone.,
316,Gulpin,Liquid Ooze,Sticky Hold,70,43,53,43,53,40,302,Poison,None,None,Big Pearl,Fluctuating,Evolves into Swalot at level 26.,
317,Swalot,Liquid Ooze,Sticky Hold,100,73,83,73,83,55,467,Poison,None,None,Big Pearl,Fluctuating,,
318,Carvanha,Rough Skin,None,45,90,20,65,20,65,305,Water,Dark,None,DeepSeaTooth,Slow,Evolves into Sharpedo at level 30.,
319,Sharpedo,Rough Skin,None,70,120,40,95,40,95,460,Water,Dark,None,DeepSeaTooth,Slow,,
320,Wailmer,Water Veil,Oblivious,130,70,35,70,35,60,400,Water,None,None,None,Fluctuating,,
321,Wailord,Water Veil,Oblivious,170,90,45,90,45,60,500,Water,None,None,None,Fluctuating,,
322,Numel,Oblivious,Simple,60,60,40,65,45,35,305,Fire,Ground,Rawst Berry,Rawst Berry,Medium Fast,Evolves into Camerupt at level 33.,
323,Camerupt,Magma Armor,Solid Rock,70,100,70,105,75,40,460,Fire,Ground,Rawst Berry,Rawst Berry,Medium Fast,,
324,Torkoal,White Smoke,None,70,85,140,85,70,20,470,Fire,None,None,None,Medium Fast,,
325,Spoink,Thick Fat,Own Tempo,60,25,35,70,80,60,330,Psychic,None,None,Tanga Berry,Fast,Evolves into Grumpig at level 32.,
326,Grumpig,Thick Fat,Own Tempo,80,45,65,90,110,80,470,Psychic,None,None,Tanga Berry,Fast,,
327,Spinda,Own Tempo,Tangled Feet,60,60,60,60,60,60,360,Normal,None,None,Chesto Berry,Fast,,
328,Trapinch,Hyper Cutter,Arena Trap,45,100,45,45,45,10,290,Ground,None,None,Soft Sand,Medium Slow,,
329,Vibrava,Levitate,Levitate,50,70,50,50,50,70,340,Ground,Dragon,None,None,Medium Slow,Evolves into Flygon at level 45.,
330,Flygon,Levitate,Levitate,80,100,80,80,80,100,520,Ground,Dragon,None,None,Medium Slow,,
331,Cacnea,Sand Veil,None,50,85,40,85,40,35,335,Grass,None,None,Sticky Barb,Medium Slow,Evolves into Cacturne at level 32.,
332,Cacturne,Sand Veil,None,70,115,60,115,60,55,475,Grass,Dark,None,Sticky Barb,Medium Slow,,
333,Swablu,Natural Cure,None,45,40,60,40,75,50,310,Normal,Flying,None,None,Erratic,Evolves into Altaria at level 35.,
334,Altaria,Natural Cure,None,75,70,90,70,105,80,490,Dragon,Flying,None,None,Erratic,,
335,Zangoose,Immunity,None,73,115,60,60,60,90,458,Normal,None,None,Quick Claw,Erratic,,
336,Seviper,Shed Skin,None,73,100,60,100,60,65,458,Poison,None,None,None,Fluctuating,,
337,Lunatone,Levitate,None,70,55,65,95,85,70,440,Rock,Psychic,None,Moon Stone,Fast,,
338,Solrock,Levitate,None,70,95,85,55,65,70,440,Rock,Psychic,None,Sun Stone,Fast,,
339,Barboach,Oblivious,Anticipation,50,48,43,46,41,60,288,Water,Ground,None,None,Medium Fast,Evolves into Whiscash at level 30.,
340,Whiscash,Oblivious,Anticipation,110,78,73,76,71,60,468,Water,Ground,None,None,Medium Fast,,
341,Corphish,Hyper Cutter,Shell Armor,43,80,65,50,35,35,308,Water,None,None,None,Fluctuating,Evolves into Crawdaunt at level 30.,
342,Crawdaunt,Hyper Cutter,Shell Armor,63,120,85,90,55,55,468,Water,Dark,None,None,Fluctuating,,
343,Baltoy,Levitate,None,40,40,55,40,70,55,300,Ground,Psychic,None,None,Medium Fast,,
344,Claydol,Levitate,None,60,70,105,70,120,75,500,Ground,Psychic,None,None,Medium Fast,,
345,Lileep,Suction Cups,None,66,41,77,61,87,23,355,Rock,Grass,None,Big Root,Erratic,,
346,Cradily,Suction Cups,None,86,81,97,81,107,43,495,Rock,Grass,None,Big Root,Erratic,,
347,Anorith,Battle Armor,None,45,95,50,40,50,75,355,Rock,Bug,None,None,Erratic,,
348,Armaldo,Battle Armor,None,75,125,100,70,80,45,495,Rock,Bug,None,None,Erratic,,
349,Feebas,Swift Swim,None,20,15,20,10,55,80,200,Water,None,None,None,Erratic,,
350,Milotic,Marvel Scale,None,95,60,79,100,125,81,540,Water,None,None,None,Erratic,,
351,Castform,Forecast,None,70,70,70,70,70,70,420,Normal,None,Mystic Water,Mystic Water,Medium Fast,,
352,Kecleon,Color Change,None,60,90,70,60,120,40,440,Normal,None,None,Persim Berry,Medium Slow,,
353,Shuppet,Insomnia,Frisk,44,75,35,63,33,45,295,Ghost,None,None,Spell Tag,Fast,,
354,Banette,Insomnia,Frisk,64,115,65,83,63,65,455,Ghost,None,None,Spell Tag,Fast,,
355,Duskull,Levitate,None,20,40,90,30,90,25,295,Ghost,None,None,Kasib Berry,Fast,,
356,Dusclops,Pressure,None,40,70,130,60,130,25,455,Ghost,None,None,Kasib Berry,Fast,,
357,Tropius,Chlorophyll,Solar Power,99,68,83,72,87,51,460,Grass,Flying,None,None,Slow,,
358,Chimecho,Levitate,None,65,50,70,95,80,65,425,Psychic,None,None,Colbur Berry,Fast,,
359,Absol,Pressure,Super Luck,65,130,60,75,60,75,465,Dark,None,None,None,Medium Slow,,
360,Wynaut,Shadow Tag,None,95,23,48,23,48,23,260,Psychic,None,None,None,Medium Fast,Evolves into Wobbuffet at level 15.,
361,Snorunt,Inner Focus,Ice Body,50,50,50,50,50,50,300,Ice,None,None,Babiri Berry,Medium Fast,,
362,Glalie,Inner Focus,Ice Body,80,80,80,80,80,80,480,Ice,None,None,Babiri Berry,Medium Fast,,
363,Spheal,Thick Fat,Ice Body,70,40,50,55,50,25,290,Ice,Water,None,None,Medium Slow,,
364,Sealeo,Thick Fat,Ice Body,90,60,70,75,70,45,410,Ice,Water,None,None,Medium Slow,,
365,Walrein,Thick Fat,Ice Body,110,80,90,95,90,65,530,Ice,Water,None,None,Medium Slow,,
366,Clamperl,Shell Armor,None,35,64,85,74,55,32,345,Water,None,None,Big Pearl,Erratic,,
367,Huntail,Swift Swim,None,55,104,105,94,75,52,485,Water,None,None,DeepSeaTooth,Erratic,,
368,Gorebyss,Swift Swim,None,55,84,105,114,75,52,485,Water,None,None,DeepSeaScale,Erratic,,
369,Relicanth,Swift Swim,Rock Head,100,90,130,45,65,55,485,Water,Rock,None,DeepSeaScale,Slow,,
370,Luvdisc,Swift Swim,None,43,30,55,40,65,97,330,Water,None,Heart Scale,None,Fast,,
371,Bagon,Rock Head,None,45,75,60,40,30,50,300,Dragon,None,None,Dragon Fang,Slow,Evolves into Shelgon at level 30.,
372,Shelgon,Rock Head,None,65,95,100,60,50,50,420,Dragon,None,None,Dragon Fang,Slow,Evolves into Salamence at level 50.,
373,Salamence,Intimidate,None,95,135,80,110,80,100,600,Dragon,Flying,None,Dragon Fang,Slow,,
374,Beldum,Clear Body,None,40,55,80,35,60,30,300,Steel,Psychic,None,Metal Coat,Slow,Evolves into Megtang at level 20.,
375,Metang,Clear Body,None,60,75,100,55,80,50,420,Steel,Psychic,None,Metal Coat,Slow,Evolves into Metagross at level 45.,
376,Metagross,Clear Body,None,80,135,130,95,90,70,600,Steel,Psychic,None,Metal Coat,Slow,,
377,Regirock,Clear Body,None,80,100,200,50,100,50,580,Rock,None,None,None,Slow,,
378,Regice,Clear Body,None,80,50,100,100,200,50,580,Ice,None,None,None,Slow,,
379,Registeel,Clear Body,None,80,75,150,75,150,50,580,Steel,None,None,None,Slow,,
380,Latias,Levitate,None,80,80,90,110,130,110,600,Dragon,Psychic,None,None,Slow,,
381,Latios,Levitate,None,80,90,80,130,110,110,600,Dragon,Psychic,None,None,Slow,,
382,Kyogre,Drizzle,None,100,100,90,150,140,90,670,Water,None,None,None,Slow,,
383,Groudon,Drought,None,100,150,140,100,90,90,670,Ground,None,None,None,Slow,,
384,Rayquaza,Air Lock,None,105,150,90,150,90,95,680,Dragon,Flying,None,None,Slow,,
385,Jirachi,Serene Grace,None,100,100,100,100,100,100,600,Steel,Psychic,Star Piece,Star Piece,Slow,,
386,Deoxys Normal,Pressure,None,50,150,50,150,50,150,600,Psychic,None,None,None,Slow,,
387,Turtwig,Overgrow,None,55,68,64,45,55,31,318,Grass,None,None,None,Medium Slow,Evolves into Grotle at level 18.,
388,Grotle,Overgrow,None,75,89,85,55,65,36,405,Grass,None,None,None,Medium Slow,Evolves into Torterra at level 32.,
389,Torterra,Overgrow,None,95,109,105,75,85,56,525,Grass,Ground,None,None,Medium Slow,,
390,Chimchar,Blaze,None,44,58,44,58,44,61,309,Fire,None,None,None,Medium Slow,Evolves into Monferno at level 14.,
391,Monferno,Blaze,None,64,78,52,78,52,81,405,Fire,Fighting,None,None,Medium Slow,Evolves into Infernape at level 36.,
392,Infernape,Blaze,None,76,104,71,104,71,108,534,Fire,Fighting,None,None,Medium Slow,,
393,Piplup,Torrent,None,53,51,53,61,56,40,314,Water,None,None,None,Medium Slow,Evolves into Prinplup at level 16.,
394,Prinplup,Torrent,None,64,66,68,81,76,50,405,Water,None,None,None,Medium Slow,Evolves into Empoleon at level 36.,
395,Empoleon,Torrent,None,84,86,88,111,101,60,530,Water,Steel,None,None,Medium Slow,,
396,Starly,Keen Eye,None,40,55,30,30,30,60,245,Normal,Flying,None,Yache Berry,Medium Slow,Evolves into Staravia at level 14.,
397,Staravia,Intimidate,None,55,75,50,40,40,80,340,Normal,Flying,None,Yache Berry,Medium Slow,Evolves into Staraptor at level 34,
398,Staraptor,Intimidate,None,85,120,70,50,50,100,475,Normal,Flying,None,Yache Berry,Medium Slow,,
399,Bidoof,Simple,Unaware,59,45,40,35,40,31,250,Normal,None,None,None,Medium Fast,Evolves into Bibarel at level 15.,
400,Bibarel,Simple,Unaware,79,85,60,55,60,71,410,Normal,Water,Oran Berry,Sitrus Berry,Medium Fast,,
401,Kricketot,Shed Skin,None,37,25,41,25,41,25,194,Bug,None,None,Metronome,Medium Slow,Evolves into Kricketune at level 10.,
402,Kricketune,Swarm,None,77,85,51,55,51,65,384,Bug,None,None,Metronome,Medium Slow,,
403,Shinx,Rivalry,Intimidate,45,65,34,40,34,45,263,Electric,None,None,None,Medium Slow,Evolves into Luxio at level 15.,
404,Luxio,Rivalry,Intimidate,60,85,49,60,49,60,363,Electric,None,None,None,Medium Slow,Evolves into Luxray at level 30.,
405,Luxray,Rivalry,Intimidate,80,120,79,95,79,70,523,Electric,None,None,None,Medium Slow,,
406,Budew,Natural Cure,Poison Point,40,30,35,50,70,55,280,Grass,Poison,None,Poison Barb,Medium Slow,,
407,Roserade,Natural Cure,Poison Point,60,70,55,125,105,90,505,Grass,Poison,None,Poison Barb,Medium Slow,,
408,Cranidos,Mold Breaker,None,67,125,40,30,30,58,350,Rock,None,None,None,Erratic,Evolves into Rampardos at level 30.,
409,Rampardos,Mold Breaker,None,97,165,60,65,50,58,495,Rock,None,None,None,Erratic,,
410,Shieldon,Sturdy,None,30,42,118,42,88,30,350,Rock,Steel,None,None,Erratic,Evolves into Bastiodon at level 30.,
411,Bastiodon,Sturdy,None,60,52,168,47,138,30,495,Rock,Steel,None,None,Erratic,,
412,Burmy,Shed Skin,None,40,29,45,29,45,36,224,Bug,None,None,None,Medium Fast,Females evolve into Wormadam at level 20.$Males evolve into Mothim at level 20.,
413,Wormadam (Plant Cloak),Anticipation,None,60,59,85,79,105,36,424,Bug,Grass,None,SilverPowder,Medium Fast,,
414,Mothim,Swarm,None,70,94,50,94,50,66,424,Bug,Flying,None,SilverPowder,Medium Fast,,
415,Combee,Honey Gather,None,30,30,42,30,42,70,244,Bug,Flying,Honey,Honey,Medium Slow,Females evolve into Vespiquen at level 21.,
416,Vespiquen,Pressure,None,70,80,102,80,102,40,474,Bug,Flying,None,Poison Barb,Medium Slow,,
417,Pachirisu,Run Away,Pickup,60,45,70,45,90,95,405,Electric,None,None,None,Medium Fast,,
418,Buizel,Swift Swim,None,55,65,35,60,30,85,330,Water,None,None,Wacan Berry,Medium Fast,Evolves into Floatzel at level 26.,
419,Floatzel,Swift Swim,None,85,105,55,85,50,115,495,Water,None,None,Wacan Berry,Medium Fast,,
420,Cherubi,Chlorophyll,None,45,35,45,62,53,35,275,Grass,None,None,Miracle Seed,Medium Fast,Evolves into Cherrim at level 25.,
421,Cherrim,Flower Gift,None,70,60,70,87,78,85,450,Grass,None,None,Miracle Seed,Medium Fast,,
422,Shellos,Sticky Hold,Storm Drain,76,48,48,57,62,34,325,Water,None,None,None,Medium Fast,Evolves into Gastrodon at level 30.,
423,Gastrodon,Sticky Hold,Storm Drain,111,83,68,92,82,39,475,Water,Ground,None,None,Medium Fast,,
424,Ambipom,Technician,Pickup,75,100,66,60,66,115,482,Normal,None,None,None,Fast,,
425,Drifloon,Aftermath,Unburden,90,50,34,60,44,70,348,Ghost,Flying,None,None,Fluctuating,Evolves into Drifblim at level 28.,
426,Drifblim,Aftermath,Unburden,150,80,44,90,54,80,498,Ghost,Flying,None,None,Fluctuating,,
427,Buneary,Run Away,Klutz,55,66,44,44,56,85,350,Normal,None,None,Chople Berry,Medium Fast,Evolves into Lopunny with enough happiness.,
428,Lopunny,Cute Charm,Klutz,65,76,84,54,96,105,480,Normal,None,None,Chople Berry,Medium Fast,,
429,Mismagius,Levitate,None,60,60,60,105,105,105,495,Ghost,None,None,None,Fast,,
430,Honchkrow,Insomnia,Super Luck,100,125,52,105,52,71,505,Dark,Flying,None,None,Medium Slow,,
431,Glameow,Limber,Own Tempo,49,55,42,42,37,85,310,Normal,None,None,Cheri Berry,Fast,,
432,Purugly,Thick Fat,Own Tempo,71,82,64,64,59,112,452,Normal,None,None,Cheri Berry,Fast,,
433,Chingling,Levitate,None,45,30,50,65,50,45,285,Psychic,None,None,Colbur Berry,Fast,,
434,Stunky,Stench,Aftermath,63,63,47,41,41,74,329,Poison,Dark,None,Pecha Berry,Medium Fast,,
435,Skuntank,Stench,Aftermath,103,93,67,71,61,84,479,Poison,Dark,None,Pecha Berry,Medium Fast,,
436,Bronzor,Levitate,Heatproof,57,24,86,24,86,23,300,Steel,Psychic,None,Metal Coat,Medium Fast,Evolves into Bronzong at level 33.,
437,Bronzong,Levitate,Heatproof,67,89,116,79,116,33,500,Steel,Psychic,None,Metal Coat,Medium Fast,,
438,Bonsly,Sturdy,Rock Head,50,80,95,10,45,10,290,Rock,None,None,None,Medium Fast,Evolves into Sudowoodo with Mimic.,
439,Mime Jr.,Soundproof,Filter,20,25,45,70,90,60,310,Psychic,Fairy,None,Leppa Berry,Medium Fast,Evolves into Mr. Mime with Mimic.,
440,Happiny,Natural Cure,Serene Grace,100,5,5,15,65,30,220,Normal,None,Oval Stone,Lucky Punch,Fast,Evolves into Chansey with an Oval Stone.,
441,Chatot,Keen Eye,Tangled Feet,76,65,45,92,42,91,411,Normal,Flying,None,Metronome,Medium Slow,,
442,Spiritomb,Pressure,None,50,92,108,92,108,35,485,Ghost,Dark,None,None,Medium Fast,,
443,Gible,Sand Veil,None,58,70,45,40,45,42,300,Dragon,Ground,None,Haban Berry,Slow,Evolves into Gabite at level 24.,
444,Gabite,Sand Veil,None,68,90,65,50,55,82,410,Dragon,Ground,None,Haban Berry,Slow,Evolves into Garchomp at level 48.,
445,Garchomp,Sand Veil,None,108,130,95,80,85,102,600,Dragon,Ground,None,Haban Berry,Slow,,
446,Munchlax,Pickup,Thick Fat,135,85,40,40,85,5,390,Normal,None,Leftovers,Leftovers,Slow,Evolves into Snorlax with enough happiness,
447,Riolu,Steadfast,Inner Focus,40,70,40,35,40,60,285,Fighting,None,None,None,Medium Slow,,
448,Lucario,Steadfast,Inner Focus,70,110,70,115,70,90,525,Fighting,Steel,None,None,Medium Slow,,
449,Hippopotas,Sand Stream,None,68,72,78,38,42,32,330,Ground,None,None,None,Slow,Evolves into Hippowdon at level 34.,
450,Hippowdon,Sand Stream,None,108,112,118,68,72,47,525,Ground,None,None,None,Slow,,
451,Skorupi,Battle Armor,Sniper,40,50,90,30,55,65,330,Poison,Bug,None,Poison Barb,Slow,,
452,Drapion,Battle Armor,Sniper,70,90,110,60,75,95,500,Poison,Dark,None,Poison Barb,Slow,,
453,Croagunk,Anticipation,Dry Skin,48,61,40,61,40,50,300,Poison,Fighting,None,Black Sludge,Medium Fast,,
454,Toxicroak,Anticipation,Dry Skin,83,106,65,86,65,85,490,Poison,Fighting,None,Black Sludge,Medium Fast,,
455,Carnivine,Levitate,None,74,100,72,90,72,46,454,Grass,None,None,None,Slow,,
456,Finneon,Swift Swim,Storm Drain,49,49,56,49,61,66,330,Water,None,None,Rindo Berry,Erratic,Evolves into Lumineon at level 31.,
457,Lumineon,Swift Swim,Storm Drain,69,69,76,69,86,91,460,Water,None,None,Rindo Berry,Erratic,,
458,Mantyke,Swift Swim,Water Absorb,45,20,50,60,120,50,345,Water,Flying,None,None,Slow,Evolves into Mantine when leveled up with a Remoraid in the party.,
459,Snover,Snow Warning,None,60,62,50,62,60,40,334,Grass,Ice,None,NeverMeltIce,Slow,Evolves into Abomanow at level 40.,
460,Abomasnow,Snow Warning,None,90,92,75,92,85,60,494,Grass,Ice,None,NeverMeltIce,Slow,,
461,Weavile,Pressure,Pressure,70,120,65,45,85,125,510,Dark,Ice,Grip Claw,Quick Claw,Medium Slow,,
462,Magnezone,Magnet Pull,Sturdy,70,70,115,130,90,60,535,Electric,Steel,None,Metal Coat,Medium Fast,,
463,Lickilicky,Own Tempo,Oblivious,110,85,95,80,95,50,515,Normal,None,None,Lagging Tail,Medium Fast,,
464,Rhyperior,Lightningrod,Solid Rock,115,140,130,55,55,40,535,Ground,Rock,None,None,Slow,,
465,Tangrowth,Chlorophyll,Leaf Guard,100,100,125,110,50,50,535,Grass,None,None,None,Medium Fast,,
466,Electivire,Motor Drive,None,75,123,67,95,85,95,540,Electric,None,None,Electirizer,Medium Fast,,
467,Magmortar,Flame Body,None,75,95,67,125,95,83,540,Fire,None,None,Magmarizer,Medium Fast,,
468,Togekiss,Hustle,Serene Grace,85,50,95,120,115,80,545,Fairy,Flying,None,None,Fast,,
469,Yanmega,Speed Boost,Tinted Lens,86,76,86,116,56,95,515,Bug,Flying,None,Wide Lens,Medium Fast,,
470,Leafeon,Leaf Guard,Leaf Guard,65,110,130,60,65,95,525,Grass,None,None,None,Medium Fast,,
471,Glaceon,Snow Cloak,Snow Cloak,65,60,110,130,95,65,525,Ice,None,None,None,Medium Fast,,
472,Gliscor,Hyper Cutter,Sand Veil,75,95,125,45,75,95,510,Ground,Flying,None,None,Medium Slow,,
473,Mamoswine,Oblivious,Snow Cloak,110,130,80,70,60,80,530,Ice,Ground,None,None,Slow,,
474,Porygon-Z,Adaptability,Download,85,80,70,135,75,90,535,Normal,None,None,None,Medium Fast,,
475,Gallade,Steadfast,Steadfast,68,125,65,65,115,80,518,Psychic,Fighting,None,None,Slow,,
476,Probopass,Sturdy,Magnet Pull,60,55,145,75,150,40,525,Rock,Steel,None,Hard Stone,Medium Fast,,
477,Dusknoir,Pressure,None,45,100,135,65,135,45,525,Ghost,None,None,Kasib Berry,Fast,,
478,Froslass,Snow Cloak,Snow Cloak,70,80,70,80,70,110,480,Ice,Ghost,None,Babiri Berry,Medium Fast,,
479,Rotom,Levitate,None,50,50,77,95,77,91,440,Electric,Ghost,None,None,Medium Fast,,
480,Uxie,Levitate,None,75,75,130,75,130,95,580,Psychic,None,None,None,Slow,,
481,Mesprit,Levitate,None,80,105,105,105,105,80,580,Psychic,None,None,None,Slow,,
482,Azelf,Levitate,None,75,125,70,125,70,115,580,Psychic,None,None,None,Slow,,
483,Dialga,Pressure,None,100,120,120,150,100,90,680,Steel,Dragon,None,None,Slow,,
484,Palkia,Pressure,None,90,120,100,150,120,100,680,Water,Dragon,None,None,Slow,,
485,Heatran,Flash Fire,None,91,90,106,130,106,77,600,Fire,Steel,None,None,Slow,,
486,Regigigas,Slow Start,None,110,160,110,80,110,100,670,Normal,None,None,None,Slow,,
487,Giratina,Pressure,None,150,100,120,100,120,90,680,Ghost,Dragon,None,None,Slow,,
488,Cresselia,Levitate,None,120,70,120,75,130,85,600,Psychic,None,None,None,Slow,,
489,Phione,Hydration,None,80,80,80,80,80,80,480,Water,None,None,None,Slow,,
490,Manaphy,Hydration,None,100,100,100,100,100,100,600,Water,None,None,None,Slow,,
491,Darkrai,Bad Dreams,None,70,90,90,135,90,125,600,Dark,None,None,None,Slow,,
492,Shaymin,Natural Cure,None,100,100,100,100,100,100,600,Grass,None,Lum Berry,Lum Berry,Medium Slow,,
493,Arceus,Multitype,None,120,120,120,120,120,120,720,Normal,None,None,None,Slow,,
494,Deoxys Attack,Pressure,None,50,180,20,180,20,150,600,Psychic,None,None,None,Slow,,
495,Deoxys Defense,Pressure,None,50,70,160,70,160,90,600,Psychic,None,None,None,Slow,,
496,Deoxys Speed,Pressure,None,50,95,90,95,90,180,600,Psychic,None,None,None,Slow,,
497,Wormadam (Sandy Cloak),Anticipation,None,60,79,105,59,85,36,424,Bug,Ground,None,SilverPowder,Medium Fast,,
498,Wormadam (Trash Cloak),Anticipation,None,60,69,95,69,95,36,424,Bug,Steel,None,SilverPowder,Medium Fast,,
499,Giratina (Origin Forme),Levitate,None,150,120,100,120,100,90,680,Ghost,Dragon,None,None,Slow,,
500,Shaymin (Sky Forme),Serene Grace,None,100,103,75,120,75,127,600,Grass,Flying,Lum Berry,Lum Berry,Medium Slow,,
501,Rotom-Heat,Levitate,None,50,65,107,105,107,86,520,Electric,Fire,None,None,Medium Fast,,
502,Rotom-Wash,Levitate,None,50,65,107,105,107,86,520,Electric,Water,None,None,Medium Fast,,
503,Rotom-Frost,Levitate,None,50,65,107,105,107,86,520,Electric,Ice,None,None,Medium Fast,,
504,Rotom-Fan,Motor Drive,None,50,65,107,105,107,86,520,Electric,Flying,None,None,Medium Fast,,
505,Rotom-Mow,Levitate,None,50,65,107,105,107,86,520,Electric,Grass,None,None,Medium Fast,